id;anexo;anexo_content_type;descricao;data;url;url_thumbnail
1;../fake-data/blob/hipster.png;image/png;Outdoors;2020-02-26T18:35:47;https://geraldine.org;primary Supervisor proactive
2;../fake-data/blob/hipster.png;image/png;Fantastic Sleek Granite Tuna Utah;2020-02-26T16:31:38;https://grant.net;e-services
3;../fake-data/blob/hipster.png;image/png;Russian Federation program;2020-02-26T22:58:03;http://jamison.info;systematic
4;../fake-data/blob/hipster.png;image/png;program;2020-02-26T08:54:33;http://drake.com;Associate partnerships disintermediate
5;../fake-data/blob/hipster.png;image/png;Concrete Usability neural;2020-02-26T16:49:56;http://ladarius.info;SCSI Communications Underpass
6;../fake-data/blob/hipster.png;image/png;Officer parse;2020-02-26T21:29:17;http://greta.org;deposit Auto Loan Account Avon
7;../fake-data/blob/hipster.png;image/png;Intelligent Cotton Bike;2020-02-26T22:09:58;http://verner.net;wireless Generic Frozen Bike EXE
8;../fake-data/blob/hipster.png;image/png;Personal Loan Account Chile foreground;2020-02-26T10:40:55;https://jennings.net;Salad indexing Pre-emptive
9;../fake-data/blob/hipster.png;image/png;generate;2020-02-26T22:12:39;https://solon.name;Practical AI didactic
10;../fake-data/blob/hipster.png;image/png;Tunnel;2020-02-26T21:58:58;https://roy.org;virtual
